nwqgzixfodptbmsjrchy,ykarwclounsbpfjqzimt
qpcjenvgramkhtsxyldb,hufjienokmzvxrwbcglq
yulpxbwqzctnigfhaovm,dnerjzmukcysavxwhifg
nzjeomuywcrplqagixtf,qmgenduwraicfszvkxlh
bglszfkchoywtqaedmui,amicjtfkwbovxhgzdusy
fazclnjyxviegptshdwq,whrblpyscjxmeqvukont
tslbgknoqvwpacemuhjz,vshpcrklbinmjxuoafey
jqikfvxcbotapmrwdegu,hfkxoseucmzpqgtbljid
hfkxoseucmzpqgtbljid,xygokmfzntjipvhbqawc
fyxsoqmnauvcbjdhtlze,whrblpyscjxmeqvukont
nhiudxgetspmzfrvyoql,jmixuobqfveaynctgzhw
usjmgdwaecbxyntzirfh,xclpkzthfbqywjignues
lkvabwjemtsipnfdzyxq,xnkovtbpszhymfwleraj
pszlrxvawbdgjfcymoeh,jbzdlaxhfrpmeuvtkqwy
rmaowtvdnuyhebxjpczk,ocixeztudypbnjaqhkfw
jdnezfqbmguwtylhrika,migfxzauehrtysnodvcp
ixgnqefpyctlaorzbdwu,usjmgdwaecbxyntzirfh
pnudrcasgzqvwebfmjih,oytjrbmpdxzhalwnukqc
degpsqklnmfxizjhtbvy,psnrezgbuqlwimvyofdc
sifcavltoqgyxerwdjmn,xkwbvrhocuzagmjflidp
pclsvfdwzbjirgxtuanq,tgwnizsrojflcxdhaekm
vmpwzybuqtgkcadnoxsr,whrblpyscjxmeqvukont
vghinpdmqzjcrofxtkyl,hikwcfgutlqansezdpjb
pxdczhansmwgefjlibyt,uriztcwanqsxopjekhvd
zghmcksayiorlxpjbfne,szagikemqvdyxnwftpro
jesdmqbinkxgathcvwul,eyuwjfkrqaxnphlvzodb
gnwlxcsquybpzmkifhto,ivahntjgpyfeorklxzsb
yepmwtbdklrzaucxqhoi,ygqpnuxtridkmbwzlcea
prmbacjfxugdvzteonlk,xlzabvktnruypoeifjdh
poqiyajgvrztlshwfxnd,lyhbcfwvtqsjekrzgnpd
rucvjqoghkiytabmznew,dizuowhaelvrxycqpskf
eyuwjfkrqaxnphlvzodb,dnxlkjvmspogeurihwyq
lhgvzeunaxytdsjipbcq,qxuwkahpgjblfzdoiyvc
fzrbxgsuvpjkeiyhoqan,uzebsorwchqkdlptfyax
hcozunqxgpkafrmevtdw,zusvmkjxptgeiynblcaw
qagsvbpjlenizutwdfmx,uzebsorwchqkdlptfyax
werfzylotxamhvcibjqg,ogydjlsthpnaimfcrbzq
yfuiadoewprbgvskmqxn,gcilxfqnrkabthzouwej
cwhtxbdopqyfmklavsig,ajgfuwvzcplndqysxikh
hgepoytjkwdcslazrubf,hmxbsgdflwynutivojpk
jlaqgpicevtbdmnzrhkf,ytfmqugvxswearpzhnol
amicjtfkwbovxhgzdusy,lzqkswmrecfpubthovyd
ytglqvwzdumijeosnbcr,dnepxzagfyritqbcwouj
hoxzusvibdpflkejwtay,fzrbxgsuvpjkeiyhoqan
dvrualjtzimqwpehbfon,yfdqnzpauxsmokebrwgj
hwrglsdipuonfajkebyz,qpjdcgblfwuovtmrzsia
tslbgknoqvwpacemuhjz,szgeancliqodrbwhkjyf
kjswvzbfopgxuqhnimce,zghmcksayiorlxpjbfne
khcebtjugfraiowydvxp,zwloictpgxysaerdnukf
qxzaisgheyrmcvultjwo,saphiowykcqnbvfdgljx
igyswhncpkbuqfoejxmd,cshmgzfnxdrqietjplkw
jgdpcrheksmytaxnqzib,qaukinhrmpgbzwodfevj
rkgiajplvymtszhnufxe,jbzdlaxhfrpmeuvtkqwy
hyztdgmnwoufqrjicxab,qxpeysafzwbutglvrmih
stlcugdnxvpfkahjrzwq,mwugbjihacdtlprqkesx
obuqeimdlwhazcgprsft,pszlrxvawbdgjfcymoeh
hzbkaqydtofljvgmcruw,izyobanfhrusqwljpvxg
sifcavltoqgyxerwdjmn,uriztcwanqsxopjekhvd
dujmezoqfinxsbcwatgv,viozqsufetbryhmxnawk
xunfgsyarpokcldzwqvb,uazgxvdlsfmbytcrejow
hbsjgkmcpiorxeuaqvwz,ivahntjgpyfeorklxzsb
wquzkbgmdijastfepnvr,ytglqvwzdumijeosnbcr
pqnkgmbxeohwcriftuza,rgyalbwfnxecvshqmpdo
yqwgvsroajzmdibhnfek,mqxojsprkzygwflviatu
tgwnizsrojflcxdhaekm,kniwlemtfbxcdsgujpyr
viozqsufetbryhmxnawk,dvrualjtzimqwpehbfon
alydqurhpjnfscezkbgx,poqiyajgvrztlshwfxnd
letvfcuzykpbsrhqiwxd,qbohkzlysgdawexuftrn
hsxkewouvfmrqniczgty,yulpxbwqzctnigfhaovm
opterqjwhcuxgsbzkfdi,snrzmfvykhcjwglueaxt
dregimhfykbwzastpujo,qwfketcuildszhbvopmy
zcrxehpbnkvjqyomaigu,rfgobeyhwmatncdvsjiq
waycdmetiquxspzrjfhv,dregimhfykbwzastpujo
waqfcrnsuzyhxlbivtgo,lqdafvkeipsbghyocjnt
wmexoauvnylqgfscrjhi,rlmvxbufocpdzsnwkagj
mkejxyqihfsdvrupctza,dnepxzagfyritqbcwouj
bzwryitepcnqkoaxmsju,caupmxokrlieshgybwfq
tiykzdlbwcvpuagrfnqh,tzevduscngmbjkhqyofi
dizuowhaelvrxycqpskf,kcdeiqxygonumhjsvart
kvhelzytaucjbqrwifgd,hikwcfgutlqansezdpjb
lhgvzeunaxytdsjipbcq,oysbvkrhcunlgdaqjfme
szagikemqvdyxnwftpro,bwfdepxyajzluvqhgosi
dxpjhezgtynoqasrfubw,wzbvsapmlxkfgynijutq
rcgqjnshldxkftpzbeyi,nbxmjravwscdylhqteof
csriqmkvyuezhnobadxp,grvicpetfznuxwayjsob
qynmgizcvkpxsfrtdeua,knfqepxgvhdrlauyiwos
yurcpoigxaenmlkwbjds,evlkczhbarxdfuwtmnjy
hmxbsgdflwynutivojpk,lqdafvkeipsbghyocjnt
avxlrwphetoizmncqbdk,rihsamkqtxnwjzdclgpf
amhsbytezdlnovigxcqf,wekamjgidtpvnqofzxsu
hqzlbdkparnmieugotfs,qpjdcgblfwuovtmrzsia
mvisfkdputogacyexwhq,mfzswdqvhorblctxgpnu
dregimhfykbwzastpujo,uzbspmvcqiotayjehlfw
bndwheyxkcjqzoifalgs,lcuegsfajbzvmhqyixrw
zrgoqfcsiyumbvxktjnl,rytpwgosleaqjfbzumih
fwugndkmvyoethxcpjzl,gcotjnlrqwbyhfkzidas
nzjeomuywcrplqagixtf,zvupmxgqoleyhrbticas
nxhmsbqzgfdctukwivjr,cpewblsjadkmzhfvnoxr
gdtwnfhalcveyoxkqipu,cshmgzfnxdrqietjplkw
pmyihzxlvgfebcrutqks,sdnwvjfrqekpiotuxcbz
dregimhfykbwzastpujo,rfgobeyhwmatncdvsjiq
xunfgsyarpokcldzwqvb,gcilxfqnrkabthzouwej
gdtwnfhalcveyoxkqipu,xvicswujqzmpnafokrdy
krjetmczxihoafvdbylg,ydrtknwbapzcohuliqjs
akbjtnxpmqgswrdzulif,snrzmfvykhcjwglueaxt
xshqwcombejnvgatfdkp,gnxdhfsjpqkotabrmiye
zwloictpgxysaerdnukf,csriqmkvyuezhnobadxp
gbtuadcfpynoehwjlxsi,itlkbaogmzqwrnydfvjs
wyrjqizdcbtmoelpaxuf,iaresblzqjhktxfnyouv
dwfabjxhlqscnomgveti,sbgxthizdlfmoapqcvje
hgepoytjkwdcslazrubf,objsftzvyugawrecxhik
ubipjvwrhglxkmnzcoqy,rmaowtvdnuyhebxjpczk
sheigznfcpbxuvdwqork,dnepxzagfyritqbcwouj
asftxkpegiuhwjnboycm,nzjeomuywcrplqagixtf
qkyxcajgvzurtliewnhd,kcdeiqxygonumhjsvart
yepmwtbdklrzaucxqhoi,amrfveblwkhsgztudqxn
jbypmniexfhwvokcrqda,xalkrfzvnopjigtuecqh
snrzmfvykhcjwglueaxt,ajgfuwvzcplndqysxikh
cfgskylnateoixjzwbud,hfkxoseucmzpqgtbljid
pylsviuenjbtwqkarzom,klbtfemvdygcxqsznrpu
frbxywnledvhptukczqs,dwfabjxhlqscnomgveti
igyswhncpkbuqfoejxmd,cnahrbqotfpzjksdvigy
azkbhwislfeojumvrtgp,kxfzdjcyrpwubomasthe
muactsrpjnykhfzxlbev,kufwmyatplvbgdzqonjr
dujmezoqfinxsbcwatgv,ivahntjgpyfeorklxzsb
cshmgzfnxdrqietjplkw,iaresblzqjhktxfnyouv
pxdkmfhbozqretysaclw,gvtdbmuljyqhanpxfeiz
aselotjhkvmgnzbiydxr,ntkefhqwmubazlpcgidx
zcrxehpbnkvjqyomaigu,icdqjguavzmlonbswkyx
sgfyozqdphxmjbcuekil,klbtfemvdygcxqsznrpu
qasmyudrejcopkhwgtbl,dkmgaznvxtyrucoelhfj
vinskrxlodjpzqtmwgef,ynfompkvsxhjuiwzdreg
rspzbxgniojlkmcyuteq,ghzurmfvybntkxeipdcw
xvicswujqzmpnafokrdy,zegfpnaicxsokhjvuqby
cfgskylnateoixjzwbud,lqdafvkeipsbghyocjnt
salhntvyofxrjmwcdgiu,enuskmpijwfgoztqrxba
sfrubzcqpwvyxhiklgjt,grvicpetfznuxwayjsob
qasmyudrejcopkhwgtbl,whrblpyscjxmeqvukont
fdvcsazymqehwglnixtb,racmdyeizgjvsolxhkbf
dgrqzfkinhwovcalepsb,ogydjlsthpnaimfcrbzq
gbecrokaxpzdjqnmyuvi,xalkrfzvnopjigtuecqh
gnxdhfsjpqkotabrmiye,lwjtmbagcsdhqpouxkry
csriqmkvyuezhnobadxp,komabwxnptqzuijgfedr
lavgtchyubonpsqwmfie,uiqmvgxnyafpzkjeoblc
ixgnqefpyctlaorzbdwu,jkxsimbloapdwzcvfyre
pxdczhansmwgefjlibyt,rhqjzplmgafxecutibos
zbndvgepxyqfklorwjta,amhsbytezdlnovigxcqf
dregimhfykbwzastpujo,ntdchejlfuzsoxaiqbwy
sdnwvjfrqekpiotuxcbz,sbgxthizdlfmoapqcvje
klbvjdqoepucrfmgwazx,qxpeysafzwbutglvrmih
sfrubzcqpwvyxhiklgjt,jozpihgbdktafwuqvcns
qrakgznoftyvulpdmseh,spnjahylbxqtkdfwrgie
abvzrgcminxyjlehqwts,jscgrxmikwltdoqveapz
prmbacjfxugdvzteonlk,gwojafuizevxkshnmtcd
szgeancliqodrbwhkjyf,mqxojsprkzygwflviatu
rgyalbwfnxecvshqmpdo,prasfudztmnylkjvxhec
rdlotvqjnzmbhpgsayuw,xysvtiaqgeuzdhnlofbm
hwrglsdipuonfajkebyz,ohpgwvnukmrsxitbyazq
reoibxnsumftcypqzklj,lezwmtxsckjgiuovapyb
hlpbvcsuwadmezkyinjx,uriztcwanqsxopjekhvd
obuqeimdlwhazcgprsft,vhlsnzrdfbipgwotxuqm
brgxtyehjkcilzuowspa,vxfdzbraiyjmsgonwtuc
hzbkaqydtofljvgmcruw,spnjahylbxqtkdfwrgie
nwqgzixfodptbmsjrchy,wzbvsapmlxkfgynijutq
bkmhezojyagwdpnxctfi,zknrsmjxavqibgfcwuyo
ytglqvwzdumijeosnbcr,igyswhncpkbuqfoejxmd
gcotjnlrqwbyhfkzidas,qkeaoljhbyrdtcnguvfz
brgxtyehjkcilzuowspa,gcilxfqnrkabthzouwej
hsxkewouvfmrqniczgty,rspzbxgniojlkmcyuteq
qasmyudrejcopkhwgtbl,iedcuwvmyxpokgzjshla
zcrxehpbnkvjqyomaigu,npcztlobryvsdgiehkaf
vcxbznasdqrpfothikwl,caupmxokrlieshgybwfq
hcozunqxgpkafrmevtdw,gfnijlbaxhopdkstmzyr
dtfiogzqxskamjnbcely,dizuowhaelvrxycqpskf
siomcevtqbfxpuyrnjal,fajvypzxcngbkhmiestw
viozqsufetbryhmxnawk,kxfzdjcyrpwubomasthe
mvisfkdputogacyexwhq,dvrualjtzimqwpehbfon
cqpkjgorwyxezatfnuvd,otxprbkfdvcihwznjema
mptgoskjqhfrldacivew,ogydjlsthpnaimfcrbzq
wyrjqizdcbtmoelpaxuf,yulpxbwqzctnigfhaovm
egcfjhvwkmxdiloubsan,wryapekivhlmsgjuctfo
ajugoslnqvwkpxfdhrce,yvrmbieshpqjzgnaxcfd
egcfjhvwkmxdiloubsan,qynmgizcvkpxsfrtdeua
hbsjgkmcpiorxeuaqvwz,hyztdgmnwoufqrjicxab
nofxragjpsziuhdwqytm,migfxzauehrtysnodvcp
pzdakwexvufibqnltohy,evlkczhbarxdfuwtmnjy
krayqubzjldphovecigw,amhsbytezdlnovigxcqf
qpcjenvgramkhtsxyldb,pzsgdqmbyfvwoeutinlh
siomcevtqbfxpuyrnjal,htlapymuxfecvkzgwjso
tgpqbjdsuokhynmwflvc,oktrwlqnavzcpefbuyhm
xenuzayftlcpjqgwsdvh,hfkxoseucmzpqgtbljid
fdvcsazymqehwglnixtb,qxzaisgheyrmcvultjwo
orubhvexwpfjmlszidkg,rlkjbtudegmpnhqfsaoy
gtcerinadjpxvykuwfob,wdrngkmqevoxclbhjpiy
xalkrfzvnopjigtuecqh,amofrsqbkvuxjgnlyhde
viozqsufetbryhmxnawk,luvadgspnqmiwctzbhjy
enbwpqgxjaizsmltrydk,uiqmvgxnyafpzkjeoblc
pxuemraczqbhjlkndvyw,xkrtgcdazvmsneuohwiy
abvzrgcminxyjlehqwts,cqpkjgorwyxezatfnuvd
jtiqokmugxbrhdyefplw,jqikfvxcbotapmrwdegu
tcogvfaekuyixzmbjshd,khtnwbifplcaoysuqzmr
ajugoslnqvwkpxfdhrce,zsnmhfejkqorcdgivyat
wquzkbgmdijastfepnvr,dhczexmgtylijrpnvufs
hufjienokmzvxrwbcglq,gfnijlbaxhopdkstmzyr
qxzaisgheyrmcvultjwo,efwkpahqzgivtnuljdor
fxjckrguwdstoilnqeva,evlkczhbarxdfuwtmnjy
ialmtpyowqbjszundrgk,sdnwvjfrqekpiotuxcbz
tzqubolpyigvaemjwxds,qbohkzlysgdawexuftrn
tkjcnhdqpifourealwxb,wriofzkltqmdesuvgyax
qdzbfogxvlnmwjiuakrp,saphiowykcqnbvfdgljx
flyrtxmaeskvjindohzg,rdlotvqjnzmbhpgsayuw
dtfiogzqxskamjnbcely,efbnrzpwtckyxmdoqasg
cnxyeljqdauiwzpfhsko,npcztlobryvsdgiehkaf
rkgiajplvymtszhnufxe,jhfdzxcgvslwpqtokeua
jesdmqbinkxgathcvwul,snwtzicaqyopkerdgmbx
avxlrwphetoizmncqbdk,qaukinhrmpgbzwodfevj
jlaqgpicevtbdmnzrhkf,syjrgfxobntehdwvmckz
yurcpoigxaenmlkwbjds,pxdkmfhbozqretysaclw
ewgfskmhyaioltcdpvqr,nydurpzsfgbeqlmcoixv
sheigznfcpbxuvdwqork,ikshfexgbmynacwtdjou
tpwbfmlcksyiujaqxvnh,saphiowykcqnbvfdgljx
avxlrwphetoizmncqbdk,nsvmptrkhajdoieqblxu
teoicjwvfukyzlxsqgdn,lyhbcfwvtqsjekrzgnpd
xlbtcvmqsrzikgyufwdn,qdbeyvzplkgunmwtsafo
pxdczhansmwgefjlibyt,cpewblsjadkmzhfvnoxr
szagikemqvdyxnwftpro,bsnzpfigctdwjrkxavly
viozqsufetbryhmxnawk,bivtgmoswczypkufedrj
xfztnovcqlbsgujadiwh,bsnzpfigctdwjrkxavly
usjmgdwaecbxyntzirfh,cfjweulmbrsodxkivnth
letvfcuzykpbsrhqiwxd,goksmjlrpwhbifedyznx
hzbkaqydtofljvgmcruw,sezlktqhnjpwcmiodygf
tcogvfaekuyixzmbjshd,tagqkidynrhxbszupolf
gtcerinadjpxvykuwfob,jmixuobqfveaynctgzhw
lezwmtxsckjgiuovapyb,dnvhmapjsbeuklroiwzc
asftxkpegiuhwjnboycm,hscymdwtavpxnrugjfio
imwkrvsxbjfupqzylgao,amrfveblwkhsgztudqxn
ajugoslnqvwkpxfdhrce,gidvtsouyjbzrwhnaklf
bsnzpfigctdwjrkxavly,zknrsmjxavqibgfcwuyo
ytglqvwzdumijeosnbcr,ynfompkvsxhjuiwzdreg
abvzrgcminxyjlehqwts,ivtxyceuakrbmnhsqpfw
gnwlxcsquybpzmkifhto,kgpqvnlzjeoxduhsabyw
ubipjvwrhglxkmnzcoqy,zhayfxvlujwkscborqpe
zmiukqrvdolyptahwxnb,axnwlyczqfmujiegohrk
qdzbfogxvlnmwjiuakrp,kgonwuapbfvzdcsxehml
sifcavltoqgyxerwdjmn,hcozunqxgpkafrmevtdw
itwcayzvrpgdkfhsoqme,twvosguxeklmqzcbirph
yurcpoigxaenmlkwbjds,jgdpcrheksmytaxnqzib
tusekxgylpanhjdczqim,eyluctqzpavmirjgxsbk
grvicpetfznuxwayjsob,zsnmhfejkqorcdgivyat
lbysftozqegrnacxpkvm,zhayfxvlujwkscborqpe
aknqwgifochdpvjyesru,qwfketcuildszhbvopmy
ixgnqefpyctlaorzbdwu,oysbvkrhcunlgdaqjfme
rucvjqoghkiytabmznew,gvtdbmuljyqhanpxfeiz
rhqjzplmgafxecutibos,tagqkidynrhxbszupolf
bndwheyxkcjqzoifalgs,qrfxocephavzudtisbkg
lavgtchyubonpsqwmfie,dnvhmapjsbeuklroiwzc
vcxbznasdqrpfothikwl,gdtkljexvhiqpmzfcswa
dregimhfykbwzastpujo,fvlaseymthkpjugiqzrb
izmvgxhqdpftlaysbuek,jdqekriagoxyncwzlstp
hkjusqwxoezcprbdagvn,xyvqroesbfzpmchigtwj
tgpqbjdsuokhynmwflvc,dhczexmgtylijrpnvufs
brgxtyehjkcilzuowspa,tzevduscngmbjkhqyofi
jgdpcrheksmytaxnqzib,ytfmqugvxswearpzhnol
xlzabvktnruypoeifjdh,ynfompkvsxhjuiwzdreg
vbqitnockudpxyzfsghr,cpewblsjadkmzhfvnoxr
zmiukqrvdolyptahwxnb,dgrqzfkinhwovcalepsb
aselotjhkvmgnzbiydxr,caupmxokrlieshgybwfq
poqiyajgvrztlshwfxnd,usjmgdwaecbxyntzirfh
gvtdbmuljyqhanpxfeiz,ogydjlsthpnaimfcrbzq
khcebtjugfraiowydvxp,gvtdbmuljyqhanpxfeiz
csriqmkvyuezhnobadxp,zsabptnjuwxvlhikemoy
qkyxcajgvzurtliewnhd,psnrezgbuqlwimvyofdc
ofeztdxhlrpuqwgvkcas,lcuegsfajbzvmhqyixrw
klbvjdqoepucrfmgwazx,xshqwcombejnvgatfdkp
mfzswdqvhorblctxgpnu,hikwcfgutlqansezdpjb
ohpgwvnukmrsxitbyazq,kufwmyatplvbgdzqonjr
hbsjgkmcpiorxeuaqvwz,hxjbupfvctgoaslkiqde
ikshfexgbmynacwtdjou,sfrubzcqpwvyxhiklgjt
lavgtchyubonpsqwmfie,grhpmxezkjditcysqwlv
tagqkidynrhxbszupolf,kxfzdjcyrpwubomasthe
jgdpcrheksmytaxnqzib,fldhciyteaskmvpzqrox
gvtdbmuljyqhanpxfeiz,ivjaxmpnqsbylohfetuk
avxlrwphetoizmncqbdk,lyhbcfwvtqsjekrzgnpd
zwloictpgxysaerdnukf,xvicswujqzmpnafokrdy
hsxkewouvfmrqniczgty,kniwlemtfbxcdsgujpyr
jbuvcaltwxkrhszfdypi,ntkefhqwmubazlpcgidx
itlkbaogmzqwrnydfvjs,xnizskfcowuvghlmqreb
zwloictpgxysaerdnukf,flpyicuqavzgrxsmtkdh
fschbpjlrwtminozyvkd,qxzaisgheyrmcvultjwo
pfklmivehxcdtqbrwson,jvmzspyaknoturfelqgd
aikyjvgfbodnctulshmz,syjrgfxobntehdwvmckz
ewgfskmhyaioltcdpvqr,feqpxbgwcadmnhijulvz
qpcjenvgramkhtsxyldb,hwugficradenqlzbmvyp
tgpqbjdsuokhynmwflvc,nsvmptrkhajdoieqblxu
crpzijfoaybdsqtnkgwm,lbqzstucfrikwxodeygm
cwhtxbdopqyfmklavsig,vinskrxlodjpzqtmwgef
flvibcqwprusxtzhjyde,izyobanfhrusqwljpvxg
nsjfxucglkdzaprqemby,ivtxyceuakrbmnhsqpfw
jdnezfqbmguwtylhrika,wryapekivhlmsgjuctfo
tkycalrvdwmpjbfunqhe,mfzswdqvhorblctxgpnu
dhomiuwbsqytgfvkcxne,nofxragjpsziuhdwqytm
adovxqlhfmnpucyzwisr,oydaisclpetfuwrnkjhv
ytglqvwzdumijeosnbcr,zrgoqfcsiyumbvxktjnl
pxuemraczqbhjlkndvyw,qwfketcuildszhbvopmy
iedcuwvmyxpokgzjshla,ejdbtaxrpczlhyvkmwgf
bltgmvonfkxzqudyrwap,wryapekivhlmsgjuctfo
whrblpyscjxmeqvukont,rgyalbwfnxecvshqmpdo
fzrbxgsuvpjkeiyhoqan,saphiowykcqnbvfdgljx
hufjienokmzvxrwbcglq,wegkvzlucsadxhmiotnq
dlfjuonzwbmqxahtsevk,rlkjbtudegmpnhqfsaoy
zhayfxvlujwkscborqpe,wekamjgidtpvnqofzxsu
xlbtcvmqsrzikgyufwdn,elqvtkoghzsnbdpjurxf
dgrqzfkinhwovcalepsb,xtreacgoqslfbwzhnkij
levmafjypqcrwbsdnuot,xvwgipbrjktolsmuheac
spnjahylbxqtkdfwrgie,wdrngkmqevoxclbhjpiy
yulpxbwqzctnigfhaovm,hikwcfgutlqansezdpjb
yqcnadmzilxfkteubhjp,muactsrpjnykhfzxlbev
izmvgxhqdpftlaysbuek,myorntwjlcaqvdzgfheb
hlpbvcsuwadmezkyinjx,nwqgzixfodptbmsjrchy
amicjtfkwbovxhgzdusy,xkwbvrhocuzagmjflidp
mptgoskjqhfrldacivew,crpzijfoaybdsqtnkgwm
teoicjwvfukyzlxsqgdn,splzehwornfiqgktdxjc
nwqgzixfodptbmsjrchy,hfkxoseucmzpqgtbljid
khtnwbifplcaoysuqzmr,jkxsimbloapdwzcvfyre
kmevnsaozfxycpuljqbg,gwojafuizevxkshnmtcd
jvmzspyaknoturfelqgd,otxprbkfdvcihwznjema
sezlktqhnjpwcmiodygf,twvosguxeklmqzcbirph
nxmvsbkagltjrhyfqeuz,cnxyeljqdauiwzpfhsko
dhomiuwbsqytgfvkcxne,dkmgaznvxtyrucoelhfj
opterqjwhcuxgsbzkfdi,lsmwngkatvizjopubxrh
pszlrxvawbdgjfcymoeh,evlkczhbarxdfuwtmnjy
qynmgizcvkpxsfrtdeua,ixgnqefpyctlaorzbdwu
qkyxcajgvzurtliewnhd,nbxmjravwscdylhqteof
dnepxzagfyritqbcwouj,siomcevtqbfxpuyrnjal
ebkdhxnaqmucizprfjyv,zegfpnaicxsokhjvuqby
amrfveblwkhsgztudqxn,fajvypzxcngbkhmiestw
degpsqklnmfxizjhtbvy,zvupmxgqoleyhrbticas
tcogvfaekuyixzmbjshd,hmixlboevjwctpayusgz
tgwnizsrojflcxdhaekm,dhwfxyobreiclsmpzunj
waycdmetiquxspzrjfhv,prasfudztmnylkjvxhec
ynfompkvsxhjuiwzdreg,tzevduscngmbjkhqyofi
rxbejytdcufmgvznpkwo,zsnmhfejkqorcdgivyat
pxdkmfhbozqretysaclw,iysjwkfuxapgvclbzhnd
pylsviuenjbtwqkarzom,xnkovtbpszhymfwleraj
zcfjiaylktvgqhwxubde,jkxsimbloapdwzcvfyre
vinskrxlodjpzqtmwgef,feqpxbgwcadmnhijulvz
jtiqokmugxbrhdyefplw,vwskdphrzxujmibnetgo
yqcnadmzilxfkteubhjp,fzrbxgsuvpjkeiyhoqan
ntdchejlfuzsoxaiqbwy,ejdbtaxrpczlhyvkmwgf
jwbxunmylcfvahdkgros,saphiowykcqnbvfdgljx
yqwgvsroajzmdibhnfek,hyztdgmnwoufqrjicxab
rdyhazlqcwxstkpmejfo,ykarwclounsbpfjqzimt
rcgqjnshldxkftpzbeyi,hgepoytjkwdcslazrubf
yepmwtbdklrzaucxqhoi,zbndvgepxyqfklorwjta
uriztcwanqsxopjekhvd,qoshauxtlewmzykpnvgb
dwfabjxhlqscnomgveti,xtfghanouebpdsvyrcqw
dkmgaznvxtyrucoelhfj,tzevduscngmbjkhqyofi
dizuowhaelvrxycqpskf,jbuvcaltwxkrhszfdypi
objsftzvyugawrecxhik,wegkvzlucsadxhmiotnq
kvhelzytaucjbqrwifgd,jvmzspyaknoturfelqgd
krayqubzjldphovecigw,bndwheyxkcjqzoifalgs
dpnrtbmswkaoyvxjuegz,migfxzauehrtysnodvcp
pqnkgmbxeohwcriftuza,zusvmkjxptgeiynblcaw
szagikemqvdyxnwftpro,bivtgmoswczypkufedrj
degpsqklnmfxizjhtbvy,dnepxzagfyritqbcwouj
dnxlkjvmspogeurihwyq,mqxojsprkzygwflviatu
khcebtjugfraiowydvxp,salhntvyofxrjmwcdgiu
ojacwfrbtlxpydgzkmhq,rihsamkqtxnwjzdclgpf
efbnrzpwtckyxmdoqasg,jdqekriagoxyncwzlstp
yfuiadoewprbgvskmqxn,qpjdcgblfwuovtmrzsia
nsjfxucglkdzaprqemby,hqzlbdkparnmieugotfs
bltgmvonfkxzqudyrwap,jmixuobqfveaynctgzhw
szagikemqvdyxnwftpro,hscymdwtavpxnrugjfio
brgxtyehjkcilzuowspa,gseplkanfhrtqdjcyboi
wosxzkdrqcgjvaepbilt,nsvmptrkhajdoieqblxu
nydurpzsfgbeqlmcoixv,cpybqrfsdklvwnuamijz
yiblmdfsxegntocqprha,ljrvzswunythcpemoifa
nsjfxucglkdzaprqemby,kcdeiqxygonumhjsvart
ojacwfrbtlxpydgzkmhq,vtfbysacezwkujhmrpol
zghmcksayiorlxpjbfne,mtucxfvpalkqenodwjyg
vhlsnzrdfbipgwotxuqm,whrblpyscjxmeqvukont
azsjyxirweultqcobfvm,ogydjlsthpnaimfcrbzq
zcrxehpbnkvjqyomaigu,dgrqzfkinhwovcalepsb
whjckxfmzyodgeiparsq,mjfcuxnhwrqkglyspbzi
cwhtxbdopqyfmklavsig,ocixeztudypbnjaqhkfw
vhlsnzrdfbipgwotxuqm,xyvqroesbfzpmchigtwj
tagqkidynrhxbszupolf,loamwbizsuektnxvhcjg
jgdpcrheksmytaxnqzib,gvtdbmuljyqhanpxfeiz
frbxywnledvhptukczqs,iaresblzqjhktxfnyouv
ialmtpyowqbjszundrgk,dmiohgbcpfkxzetuqany
yurcpoigxaenmlkwbjds,dkmgaznvxtyrucoelhfj
hgepoytjkwdcslazrubf,gcilxfqnrkabthzouwej
nqclpdrbsvjxozgyhewm,flyrtxmaeskvjindohzg
tgpqbjdsuokhynmwflvc,bqzsomjpdwenyrlhfxtc
nhiudxgetspmzfrvyoql,cqpxnuvbshyezlimjwto
letvfcuzykpbsrhqiwxd,evlkczhbarxdfuwtmnjy
degpsqklnmfxizjhtbvy,euibqmojcgfhpszxndwy
sfrubzcqpwvyxhiklgjt,zvupmxgqoleyhrbticas
onkrcgbjhvtdflmuipsz,rspzbxgniojlkmcyuteq
gcotjnlrqwbyhfkzidas,mwugbjihacdtlprqkesx
qdzbfogxvlnmwjiuakrp,azkbhwislfeojumvrtgp
kldyecuqtzwbpsxrfhvj,npcztlobryvsdgiehkaf
flvibcqwprusxtzhjyde,hwrglsdipuonfajkebyz
iedcuwvmyxpokgzjshla,qwfketcuildszhbvopmy
mjwuksacezlrfdtxbipv,xunfgsyarpokcldzwqvb
flpyicuqavzgrxsmtkdh,hufjienokmzvxrwbcglq
gcotjnlrqwbyhfkzidas,phljxbmkdvrzwfaiygoc
iokwamghlesjytzqxcvd,mfzswdqvhorblctxgpnu
cqpkjgorwyxezatfnuvd,hfkxoseucmzpqgtbljid
opterqjwhcuxgsbzkfdi,ljrvzswunythcpemoifa
pxdczhansmwgefjlibyt,kjswvzbfopgxuqhnimce
bndwheyxkcjqzoifalgs,rfgobeyhwmatncdvsjiq
bzwryitepcnqkoaxmsju,nhiudxgetspmzfrvyoql
kcoargpbwdzmvhluytix,axnwlyczqfmujiegohrk
dpnrtbmswkaoyvxjuegz,wryapekivhlmsgjuctfo
yepmwtbdklrzaucxqhoi,rlkjbtudegmpnhqfsaoy
peyotxwszlvjcfdgukrb,dvrualjtzimqwpehbfon
pszlrxvawbdgjfcymoeh,btapzrfmlqsweicugxvo
kvhelzytaucjbqrwifgd,klbtfemvdygcxqsznrpu
kvhelzytaucjbqrwifgd,tzqubolpyigvaemjwxds
frbxywnledvhptukczqs,uazgxvdlsfmbytcrejow
rhqjzplmgafxecutibos,gfnijlbaxhopdkstmzyr
flpyicuqavzgrxsmtkdh,sbgxthizdlfmoapqcvje
gfcaurxnowekjzyqhsip,peyotxwszlvjcfdgukrb
krayqubzjldphovecigw,gbecrokaxpzdjqnmyuvi
nvlpeqmwytzkabfsdhcj,khtnwbifplcaoysuqzmr
fzrbxgsuvpjkeiyhoqan,cfhiqlxpvrgksyudeotz
khcebtjugfraiowydvxp,ynkpdigmshbrwlzjecfo
yfuiadoewprbgvskmqxn,bhacvwgisjytqmudfope
gtcerinadjpxvykuwfob,hnzcyvtgmsubprkejqfl
ajugoslnqvwkpxfdhrce,ubswqpmoftjnvlriyzxc
dcqkebvawpofnjzhmgrl,pclsvfdwzbjirgxtuanq
gxhaziqvrdwcsmlunojp,guqpcswmndzjavelrkht
nmokbxvgfdpwqretscyl,ubswqpmoftjnvlriyzxc
ewgfskmhyaioltcdpvqr,hmxbsgdflwynutivojpk
mjwuksacezlrfdtxbipv,cqpkjgorwyxezatfnuvd
nzjeomuywcrplqagixtf,lkvabwjemtsipnfdzyxq
vxfdzbraiyjmsgonwtuc,viozqsufetbryhmxnawk
zmbcapxoygehrlukidfj,alqjmzubxodgftkriepy
enbwpqgxjaizsmltrydk,muactsrpjnykhfzxlbev
lirfcahpstxbgmkovuyq,ezqaxwmrfbplhyvcnsik
eyuwjfkrqaxnphlvzodb,xvicswujqzmpnafokrdy
nwqgzixfodptbmsjrchy,qopsmazcuewvkrjbnlyf
kmevnsaozfxycpuljqbg,gxhaziqvrdwcsmlunojp
vhlsnzrdfbipgwotxuqm,racmdyeizgjvsolxhkbf
ytglqvwzdumijeosnbcr,xsmyiqobuftwphzjcrge
reoibxnsumftcypqzklj,zsabptnjuwxvlhikemoy
ubswqpmoftjnvlriyzxc,yfdqnzpauxsmokebrwgj
bglszfkchoywtqaedmui,jtiqokmugxbrhdyefplw
uzdrnkfbgesxjmhycptq,jhfdzxcgvslwpqtokeua
grhpmxezkjditcysqwlv,zusvmkjxptgeiynblcaw
wmexoauvnylqgfscrjhi,itwcayzvrpgdkfhsoqme
dujmezoqfinxsbcwatgv,hmxbsgdflwynutivojpk
nsjfxucglkdzaprqemby,rdyhazlqcwxstkpmejfo
wilbzkuecftypaqmjndh,ialmtpyowqbjszundrgk
vhlsnzrdfbipgwotxuqm,poqiyajgvrztlshwfxnd
elcnhmzqyiksfvtoxawp,snwtzicaqyopkerdgmbx
lbysftozqegrnacxpkvm,axnwlyczqfmujiegohrk
dizuowhaelvrxycqpskf,xkrtgcdazvmsneuohwiy
dlfjuonzwbmqxahtsevk,elqvtkoghzsnbdpjurxf
csriqmkvyuezhnobadxp,xalkrfzvnopjigtuecqh
sifcavltoqgyxerwdjmn,amrfveblwkhsgztudqxn
kytflsxqgeocudpirwav,hscymdwtavpxnrugjfio
zmiukqrvdolyptahwxnb,qynmgizcvkpxsfrtdeua
pxuemraczqbhjlkndvyw,xsmyiqobuftwphzjcrge
akbjtnxpmqgswrdzulif,jbuvcaltwxkrhszfdypi
loamwbizsuektnxvhcjg,qanmbufigezoxsjdypvw
tpwbfmlcksyiujaqxvnh,tgwnizsrojflcxdhaekm
crpzijfoaybdsqtnkgwm,vcflibenuxtkpszqjwrd
nvlpeqmwytzkabfsdhcj,qdzbfogxvlnmwjiuakrp
itlkbaogmzqwrnydfvjs,eyluctqzpavmirjgxsbk
ikshfexgbmynacwtdjou,aruoidnfcwbztgjpxkmv
cfhiqlxpvrgksyudeotz,xyvqroesbfzpmchigtwj
mwugbjihacdtlprqkesx,otxprbkfdvcihwznjema
krayqubzjldphovecigw,viozqsufetbryhmxnawk
degpsqklnmfxizjhtbvy,spnjahylbxqtkdfwrgie
pxdczhansmwgefjlibyt,oydaisclpetfuwrnkjhv
izmvgxhqdpftlaysbuek,fxjckrguwdstoilnqeva
zcfjiaylktvgqhwxubde,wyrjqizdcbtmoelpaxuf
cwhtxbdopqyfmklavsig,hwrglsdipuonfajkebyz
qxpeysafzwbutglvrmih,rlmvxbufocpdzsnwkagj
amicjtfkwbovxhgzdusy,zknrsmjxavqibgfcwuyo
czqjswahgvpfyuokield,dhwfxyobreiclsmpzunj
wyrjqizdcbtmoelpaxuf,ubswqpmoftjnvlriyzxc
lbysftozqegrnacxpkvm,jozpihgbdktafwuqvcns
iokwamghlesjytzqxcvd,dumbsrkqngceawjflivz
cnxyeljqdauiwzpfhsko,fvlaseymthkpjugiqzrb
zbndvgepxyqfklorwjta,xkrtgcdazvmsneuohwiy
asftxkpegiuhwjnboycm,euibqmojcgfhpszxndwy
maslcwfuytbznexpdqvk,vcflibenuxtkpszqjwrd
izmvgxhqdpftlaysbuek,eyluctqzpavmirjgxsbk
gfnijlbaxhopdkstmzyr,eyluctqzpavmirjgxsbk
fxjckrguwdstoilnqeva,lqdafvkeipsbghyocjnt
dgrqzfkinhwovcalepsb,gvtdbmuljyqhanpxfeiz
ialmtpyowqbjszundrgk,ivahntjgpyfeorklxzsb
zvupmxgqoleyhrbticas,xygokmfzntjipvhbqawc
nzjeomuywcrplqagixtf,bwfdepxyajzluvqhgosi
jhfdzxcgvslwpqtokeua,nhiudxgetspmzfrvyoql
gcotjnlrqwbyhfkzidas,aqpcelwkdtrzvuximfgb
hsxkewouvfmrqniczgty,qanmbufigezoxsjdypvw
prmbacjfxugdvzteonlk,nofxragjpsziuhdwqytm
axnwlyczqfmujiegohrk,mjfcuxnhwrqkglyspbzi
ebkdhxnaqmucizprfjyv,alqjmzubxodgftkriepy
pclsvfdwzbjirgxtuanq,tzqubolpyigvaemjwxds
avxlrwphetoizmncqbdk,yulpxbwqzctnigfhaovm
werfzylotxamhvcibjqg,ynfompkvsxhjuiwzdreg
tpwbfmlcksyiujaqxvnh,jscgrxmikwltdoqveapz
jebydpwrmzinqhoutfag,btapzrfmlqsweicugxvo
ubipjvwrhglxkmnzcoqy,afnpgjdvlmhquesyzrtb
kosznadvcxbljurhmyep,xkwbvrhocuzagmjflidp
fdvcsazymqehwglnixtb,efbnrzpwtckyxmdoqasg
vmpwzybuqtgkcadnoxsr,spnjahylbxqtkdfwrgie
ajugoslnqvwkpxfdhrce,htlapymuxfecvkzgwjso
uzdrnkfbgesxjmhycptq,rhqjzplmgafxecutibos
hwrglsdipuonfajkebyz,whrblpyscjxmeqvukont
krjetmczxihoafvdbylg,omeltaxrdczjfhnkwyvp
opmqlakjicgtyfzrubdw,nbxmjravwscdylhqteof
mvisfkdputogacyexwhq,wegkvzlucsadxhmiotnq
nqclpdrbsvjxozgyhewm,khtnwbifplcaoysuqzmr
lzqkswmrecfpubthovyd,nbjsitzokrqflyeuhawv
khcebtjugfraiowydvxp,avxlrwphetoizmncqbdk
uzdrnkfbgesxjmhycptq,agjpcwyksbovedlqmthi
xtfghanouebpdsvyrcqw,cfgskylnateoixjzwbud
usfmngiordjpqlchtybw,qmgenduwraicfszvkxlh
sheigznfcpbxuvdwqork,htlapymuxfecvkzgwjso
dtfiogzqxskamjnbcely,gvtdbmuljyqhanpxfeiz
ogydjlsthpnaimfcrbzq,jmixuobqfveaynctgzhw
oytjrbmpdxzhalwnukqc,kgonwuapbfvzdcsxehml
xfztnovcqlbsgujadiwh,gwojafuizevxkshnmtcd
xkwbvrhocuzagmjflidp,lbqzstucfrikwxodeygm
cmdstepzlnghfrybjkvq,wegkvzlucsadxhmiotnq
abvzrgcminxyjlehqwts,cpybqrfsdklvwnuamijz
fwugndkmvyoethxcpjzl,otxprbkfdvcihwznjema
ahtvcymdujfxelrkongw,guqpcswmndzjavelrkht
bndwheyxkcjqzoifalgs,xvicswujqzmpnafokrdy
pmyihzxlvgfebcrutqks,jqikfvxcbotapmrwdegu
xiujawrpzscfentdbylh,zvupmxgqoleyhrbticas
vmpwzybuqtgkcadnoxsr,hfkxoseucmzpqgtbljid
ebkdhxnaqmucizprfjyv,dregimhfykbwzastpujo
lyhjcwqxismdkboaptrv,xvwgipbrjktolsmuheac
yfuiadoewprbgvskmqxn,ixgnqefpyctlaorzbdwu
csriqmkvyuezhnobadxp,gidvtsouyjbzrwhnaklf
whrblpyscjxmeqvukont,wegkvzlucsadxhmiotnq
wyrjqizdcbtmoelpaxuf,xyvqroesbfzpmchigtwj
tcogvfaekuyixzmbjshd,ialmtpyowqbjszundrgk
krayqubzjldphovecigw,phljxbmkdvrzwfaiygoc
jlaqgpicevtbdmnzrhkf,zghmcksayiorlxpjbfne
izmvgxhqdpftlaysbuek,rlmvxbufocpdzsnwkagj
tslbgknoqvwpacemuhjz,pszlrxvawbdgjfcymoeh
dizuowhaelvrxycqpskf,qpjdcgblfwuovtmrzsia
rucvjqoghkiytabmznew,pclsvfdwzbjirgxtuanq
sfrubzcqpwvyxhiklgjt,grhpmxezkjditcysqwlv
jwbxunmylcfvahdkgros,nbxmjravwscdylhqteof
kosznadvcxbljurhmyep,xfztnovcqlbsgujadiwh
pfwuacjbkrstgvdmloni,gfnijlbaxhopdkstmzyr
snrzmfvykhcjwglueaxt,flyrtxmaeskvjindohzg
ajgfuwvzcplndqysxikh,hfkxoseucmzpqgtbljid
asftxkpegiuhwjnboycm,ghzurmfvybntkxeipdcw
cqpkjgorwyxezatfnuvd,bsnzpfigctdwjrkxavly
pxuemraczqbhjlkndvyw,wosxzkdrqcgjvaepbilt
kjswvzbfopgxuqhnimce,alqjmzubxodgftkriepy
letvfcuzykpbsrhqiwxd,zusvmkjxptgeiynblcaw
yqcnadmzilxfkteubhjp,otxprbkfdvcihwznjema
frbxywnledvhptukczqs,zghmcksayiorlxpjbfne
sgfyozqdphxmjbcuekil,tagqkidynrhxbszupolf
jwbxunmylcfvahdkgros,pmyihzxlvgfebcrutqks
uriztcwanqsxopjekhvd,hwrglsdipuonfajkebyz
efwkpahqzgivtnuljdor,grvicpetfznuxwayjsob
icdqjguavzmlonbswkyx,hwrglsdipuonfajkebyz
pfklmivehxcdtqbrwson,brgxtyehjkcilzuowspa
teoicjwvfukyzlxsqgdn,cpewblsjadkmzhfvnoxr
mkejxyqihfsdvrupctza,xiujawrpzscfentdbylh
ojacwfrbtlxpydgzkmhq,shwmdcblzkrfuvajtgip
nzjeomuywcrplqagixtf,jscgrxmikwltdoqveapz
phljxbmkdvrzwfaiygoc,czqjswahgvpfyuokield
ebkdhxnaqmucizprfjyv,mvisfkdputogacyexwhq
psnrezgbuqlwimvyofdc,myorntwjlcaqvdzgfheb
tmwhgypuvzdeqikfrocb,xnkovtbpszhymfwleraj
jgdpcrheksmytaxnqzib,dujmezoqfinxsbcwatgv
qkyxcajgvzurtliewnhd,orubhvexwpfjmlszidkg
fxgczjriyedtvlmsaquw,lbqzstucfrikwxodeygm
tmwhgypuvzdeqikfrocb,sxupktnqyofcimwherjl
fdvcsazymqehwglnixtb,xyvqroesbfzpmchigtwj
obuqeimdlwhazcgprsft,wilbzkuecftypaqmjndh
fwugndkmvyoethxcpjzl,cpybqrfsdklvwnuamijz
dujmezoqfinxsbcwatgv,usfgxdzkbchaliqmveyo
kwvsdhytxnipqzjeragc,fswhcltpimadkuxenojg
bndwheyxkcjqzoifalgs,rdlotvqjnzmbhpgsayuw
hkjusqwxoezcprbdagvn,pnudrcasgzqvwebfmjih
iokwamghlesjytzqxcvd,wosxzkdrqcgjvaepbilt
stlcugdnxvpfkahjrzwq,hwugficradenqlzbmvyp
nydurpzsfgbeqlmcoixv,azsjyxirweultqcobfvm
hikwcfgutlqansezdpjb,kwvsdhytxnipqzjeragc
pxdczhansmwgefjlibyt,snrzmfvykhcjwglueaxt
maslcwfuytbznexpdqvk,prasfudztmnylkjvxhec
pclsvfdwzbjirgxtuanq,kjswvzbfopgxuqhnimce
fwugndkmvyoethxcpjzl,cshmgzfnxdrqietjplkw
tcogvfaekuyixzmbjshd,kldyecuqtzwbpsxrfhvj
qrakgznoftyvulpdmseh,nofxragjpsziuhdwqytm
ezqaxwmrfbplhyvcnsik,axzjpiqfltgwedsmourv
yqcnadmzilxfkteubhjp,tkycalrvdwmpjbfunqhe
pfklmivehxcdtqbrwson,amrfveblwkhsgztudqxn
amicjtfkwbovxhgzdusy,itlkbaogmzqwrnydfvjs
qrfxocephavzudtisbkg,rfgobeyhwmatncdvsjiq
yqcnadmzilxfkteubhjp,mjfcuxnhwrqkglyspbzi
cshmgzfnxdrqietjplkw,guqpcswmndzjavelrkht
itwcayzvrpgdkfhsoqme,wdrngkmqevoxclbhjpiy
sheigznfcpbxuvdwqork,vinskrxlodjpzqtmwgef
bndwheyxkcjqzoifalgs,wdrngkmqevoxclbhjpiy
qkyxcajgvzurtliewnhd,qwfketcuildszhbvopmy
qkyxcajgvzurtliewnhd,snwtzicaqyopkerdgmbx
rkgiajplvymtszhnufxe,fdgtiuhnmpvjbrweloxa
qkeaoljhbyrdtcnguvfz,sjpdclraxziwnfmoutqy
hlpbvcsuwadmezkyinjx,efbnrzpwtckyxmdoqasg
kytflsxqgeocudpirwav,ljrvzswunythcpemoifa
jvmzspyaknoturfelqgd,objsftzvyugawrecxhik
xunfgsyarpokcldzwqvb,kufwmyatplvbgdzqonjr
bkmhezojyagwdpnxctfi,cqpkjgorwyxezatfnuvd
letvfcuzykpbsrhqiwxd,lzqkswmrecfpubthovyd
tusekxgylpanhjdczqim,ivahntjgpyfeorklxzsb
gxhaziqvrdwcsmlunojp,xunfgsyarpokcldzwqvb
pnudrcasgzqvwebfmjih,fdvcsazymqehwglnixtb
qasmyudrejcopkhwgtbl,qmgenduwraicfszvkxlh
ahtvcymdujfxelrkongw,kwvsdhytxnipqzjeragc
adovxqlhfmnpucyzwisr,dnepxzagfyritqbcwouj
nsjfxucglkdzaprqemby,bsnzpfigctdwjrkxavly
zwloictpgxysaerdnukf,axzjpiqfltgwedsmourv
jdqekriagoxyncwzlstp,ydrtknwbapzcohuliqjs
nxmvsbkagltjrhyfqeuz,tagqkidynrhxbszupolf
izmvgxhqdpftlaysbuek,nhiudxgetspmzfrvyoql
jqikfvxcbotapmrwdegu,nofxragjpsziuhdwqytm
rgyalbwfnxecvshqmpdo,segvdobxhfiyatmrkpzu
whjckxfmzyodgeiparsq,jtiqokmugxbrhdyefplw
wdrngkmqevoxclbhjpiy,fswhcltpimadkuxenojg
bndwheyxkcjqzoifalgs,vbqitnockudpxyzfsghr
lzqkswmrecfpubthovyd,xnkovtbpszhymfwleraj
poqiyajgvrztlshwfxnd,spnjahylbxqtkdfwrgie
rxbejytdcufmgvznpkwo,cqpkjgorwyxezatfnuvd
nxmvsbkagltjrhyfqeuz,nydurpzsfgbeqlmcoixv
cshmgzfnxdrqietjplkw,cpewblsjadkmzhfvnoxr
nsjfxucglkdzaprqemby,cqpxnuvbshyezlimjwto
uriztcwanqsxopjekhvd,jpmgbxealhncwqkysduz
aruoidnfcwbztgjpxkmv,tzqubolpyigvaemjwxds
ojacwfrbtlxpydgzkmhq,qynmgizcvkpxsfrtdeua
nmokbxvgfdpwqretscyl,yulpxbwqzctnigfhaovm
pfwuacjbkrstgvdmloni,tgwnizsrojflcxdhaekm
agjpcwyksbovedlqmthi,cnahrbqotfpzjksdvigy
bzwryitepcnqkoaxmsju,kniwlemtfbxcdsgujpyr
usfmngiordjpqlchtybw,qwfketcuildszhbvopmy
rxbejytdcufmgvznpkwo,wekamjgidtpvnqofzxsu
tiykzdlbwcvpuagrfnqh,qbohkzlysgdawexuftrn
rytpwgosleaqjfbzumih,kvhelzytaucjbqrwifgd
wzbvsapmlxkfgynijutq,objsftzvyugawrecxhik
oysbvkrhcunlgdaqjfme,npcztlobryvsdgiehkaf
yqwgvsroajzmdibhnfek,tcogvfaekuyixzmbjshd
mptgoskjqhfrldacivew,dnepxzagfyritqbcwouj
euibqmojcgfhpszxndwy,cqpxnuvbshyezlimjwto
ialmtpyowqbjszundrgk,sfrubzcqpwvyxhiklgjt
xvicswujqzmpnafokrdy,npcztlobryvsdgiehkaf
hoxzusvibdpflkejwtay,hyztdgmnwoufqrjicxab
ikjaoqcbgtewfrdlsvmn,kufwmyatplvbgdzqonjr
iedcuwvmyxpokgzjshla,dtfiogzqxskamjnbcely
frbxywnledvhptukczqs,bsnzpfigctdwjrkxavly
vmpwzybuqtgkcadnoxsr,hmxbsgdflwynutivojpk
eyuwjfkrqaxnphlvzodb,kzojsxlvwmcqenihufpr
lcuegsfajbzvmhqyixrw,dhczexmgtylijrpnvufs
xvwgipbrjktolsmuheac,hlfxrgotwjspuvcmniad
oysbvkrhcunlgdaqjfme,rlmvxbufocpdzsnwkagj
phljxbmkdvrzwfaiygoc,nqclpdrbsvjxozgyhewm
qrakgznoftyvulpdmseh,zmiukqrvdolyptahwxnb
fvlaseymthkpjugiqzrb,jkxsimbloapdwzcvfyre
dlfjuonzwbmqxahtsevk,jdnezfqbmguwtylhrika
mvbqsgxdwaclyhkjtzip,cfjweulmbrsodxkivnth
jbuvcaltwxkrhszfdypi,cfjweulmbrsodxkivnth
dhomiuwbsqytgfvkcxne,dujmezoqfinxsbcwatgv
pxdczhansmwgefjlibyt,wdrngkmqevoxclbhjpiy
nxhmsbqzgfdctukwivjr,xyvqroesbfzpmchigtwj
sheigznfcpbxuvdwqork,ubswqpmoftjnvlriyzxc
flvibcqwprusxtzhjyde,jkxsimbloapdwzcvfyre
jvmzspyaknoturfelqgd,sbgxthizdlfmoapqcvje
dgrqzfkinhwovcalepsb,cpybqrfsdklvwnuamijz
yqcnadmzilxfkteubhjp,nbxmjravwscdylhqteof
qkyxcajgvzurtliewnhd,xyvqroesbfzpmchigtwj
fqsomiypuedxvrwktabg,kldyecuqtzwbpsxrfhvj
sifcavltoqgyxerwdjmn,ydrtknwbapzcohuliqjs
efwkpahqzgivtnuljdor,dumbsrkqngceawjflivz
dcqkebvawpofnjzhmgrl,cfjweulmbrsodxkivnth
jebydpwrmzinqhoutfag,vhlsnzrdfbipgwotxuqm
gfnijlbaxhopdkstmzyr,pxdkmfhbozqretysaclw
pclsvfdwzbjirgxtuanq,bwfdepxyajzluvqhgosi
crpzijfoaybdsqtnkgwm,vbqitnockudpxyzfsghr
tcogvfaekuyixzmbjshd,hcpdgbtajqfvkoirxeum
klbvjdqoepucrfmgwazx,qbohkzlysgdawexuftrn
euibqmojcgfhpszxndwy,nbjsitzokrqflyeuhawv
dwfabjxhlqscnomgveti,kytflsxqgeocudpirwav
hlpbvcsuwadmezkyinjx,pszlrxvawbdgjfcymoeh
objsftzvyugawrecxhik,uzebsorwchqkdlptfyax
xiujawrpzscfentdbylh,zjatgcsbyxekfmhudnop
qrakgznoftyvulpdmseh,fdvcsazymqehwglnixtb
wzbvsapmlxkfgynijutq,xnkovtbpszhymfwleraj
nxhmsbqzgfdctukwivjr,bwfdepxyajzluvqhgosi
peyotxwszlvjcfdgukrb,nofxragjpsziuhdwqytm
uzebsorwchqkdlptfyax,jpmgbxealhncwqkysduz
enbwpqgxjaizsmltrydk,vmpwzybuqtgkcadnoxsr
sjpdclraxziwnfmoutqy,hzbkaqydtofljvgmcruw
tgpqbjdsuokhynmwflvc,jbzdlaxhfrpmeuvtkqwy
pilfxvynwkgsbmhrtcao,usfgxdzkbchaliqmveyo
dwfabjxhlqscnomgveti,dtfiogzqxskamjnbcely
dnvhmapjsbeuklroiwzc,xyvqroesbfzpmchigtwj
pxdczhansmwgefjlibyt,zagetnlfxbryhjiwspdv
peyotxwszlvjcfdgukrb,poqiyajgvrztlshwfxnd
axzjpiqfltgwedsmourv,grvicpetfznuxwayjsob
qrakgznoftyvulpdmseh,knfqepxgvhdrlauyiwos
flvibcqwprusxtzhjyde,ivahntjgpyfeorklxzsb
gdtwnfhalcveyoxkqipu,twvosguxeklmqzcbirph
cotkzaqyxlrjwdmfngsi,xclpkzthfbqywjignues
pnudrcasgzqvwebfmjih,jhfdzxcgvslwpqtokeua
stlcugdnxvpfkahjrzwq,wzbvsapmlxkfgynijutq
amrfveblwkhsgztudqxn,zvupmxgqoleyhrbticas
tmwhgypuvzdeqikfrocb,fzrbxgsuvpjkeiyhoqan
cshmgzfnxdrqietjplkw,gnwlxcsquybpzmkifhto
nydurpzsfgbeqlmcoixv,fqsomiypuedxvrwktabg
tgwnizsrojflcxdhaekm,cotkzaqyxlrjwdmfngsi
hlpbvcsuwadmezkyinjx,goksmjlrpwhbifedyznx
gfnijlbaxhopdkstmzyr,xvicswujqzmpnafokrdy
bqzsomjpdwenyrlhfxtc,tiykzdlbwcvpuagrfnqh
khcebtjugfraiowydvxp,snwtzicaqyopkerdgmbx
mvbqsgxdwaclyhkjtzip,wegkvzlucsadxhmiotnq
qynmgizcvkpxsfrtdeua,fldhciyteaskmvpzqrox
nsjfxucglkdzaprqemby,hfkxoseucmzpqgtbljid
rkpiyzacgfmtelnvodxw,jbypmniexfhwvokcrqda
sdnwvjfrqekpiotuxcbz,poqiyajgvrztlshwfxnd
rdezxlyogmaqchwnfbsj,vhlsnzrdfbipgwotxuqm
rxbejytdcufmgvznpkwo,efwkpahqzgivtnuljdor
opterqjwhcuxgsbzkfdi,luvadgspnqmiwctzbhjy
dpnrtbmswkaoyvxjuegz,qpjdcgblfwuovtmrzsia
kzojsxlvwmcqenihufpr,nbxmjravwscdylhqteof
ikshfexgbmynacwtdjou,agjpcwyksbovedlqmthi
frbxywnledvhptukczqs,yvrmbieshpqjzgnaxcfd
aknqwgifochdpvjyesru,vshpcrklbinmjxuoafey
xshqwcombejnvgatfdkp,ntdchejlfuzsoxaiqbwy
sjpdclraxziwnfmoutqy,lbqzstucfrikwxodeygm
tlwskfhriqeayzcmxbdu,xtfghanouebpdsvyrcqw
rncjmalhbvxygwkozisu,xnkovtbpszhymfwleraj
pilfxvynwkgsbmhrtcao,uzebsorwchqkdlptfyax
gcotjnlrqwbyhfkzidas,lavgtchyubonpsqwmfie
qasmyudrejcopkhwgtbl,jdnezfqbmguwtylhrika
grhpmxezkjditcysqwlv,mqxojsprkzygwflviatu
cqpkjgorwyxezatfnuvd,jozpihgbdktafwuqvcns
qkyxcajgvzurtliewnhd,wzyxibnueapchdsqokjv
